USE KRAUTUNDRUEBEN;

/* ***************************************************************************************************************** */
/*                                                   Tabellen                                                        */
/* ***************************************************************************************************************** */

/* Ernaehrungskategorie */
INSERT INTO ERNAEHRUNGSKATEGORIE (ERNAEHRUNGSKATEGORIEID, ERNAEHRUNGSKATEGORIENAME) VALUES (1, 'Vegetarisch');

INSERT INTO ERNAEHRUNGSKATEGORIE (ERNAEHRUNGSKATEGORIEID, ERNAEHRUNGSKATEGORIENAME) VALUES (2, 'Vegan');

INSERT INTO ERNAEHRUNGSKATEGORIE (ERNAEHRUNGSKATEGORIEID, ERNAEHRUNGSKATEGORIENAME) VALUES (3, 'Glutenfrei');

INSERT INTO ERNAEHRUNGSKATEGORIE (ERNAEHRUNGSKATEGORIEID, ERNAEHRUNGSKATEGORIENAME) VALUES (4, 'Laktosefrei');


/* Allergien */
INSERT INTO ALLERGIEN (ALLERGIEID, ALLERGIENAME) VALUES (31, 'Nuesse und Huelsenfruechte');

INSERT INTO ALLERGIEN (ALLERGIEID, ALLERGIENAME) VALUES (32, 'Huenerei');

INSERT INTO ALLERGIEN (ALLERGIEID, ALLERGIENAME) VALUES (33, 'Kuhmilch');

INSERT INTO ALLERGIEN (ALLERGIEID, ALLERGIENAME) VALUES (34, 'Weizen');

INSERT INTO ALLERGIEN (ALLERGIEID, ALLERGIENAME) VALUES (35, 'Soja');

INSERT INTO ALLERGIEN (ALLERGIEID, ALLERGIENAME) VALUES (36, 'Kern- und Steinobst');

INSERT INTO ALLERGIEN (ALLERGIEID, ALLERGIENAME) VALUES (37, 'Sellerie');

INSERT INTO ALLERGIEN (ALLERGIEID, ALLERGIENAME) VALUES (38, 'Moehren');


/* Unvertraeglichkeiten */
INSERT INTO UNVERTRAEGLICHKEIT (UNVERTRAEGLICHKEITID, UNVERTRAEGLICHKEITNAME) VALUES (71, 'Histaminintoleranz');


/*  Lieferant  */
INSERT INTO LIEFERANT (LIEFERANTENNR, LIEFERANTENNAME, STRASSE, HAUSNR, PLZ, ORT, TELEFON, EMAIL) values (101, 'Bio-Hof Müller', 'Dorfstraße', '74', '24354', 'Weseby', '04354-9080', 'mueller@biohof.de');

INSERT INTO LIEFERANT (LIEFERANTENNR, LIEFERANTENNAME, STRASSE, HAUSNR, PLZ, ORT, TELEFON, EMAIL) values (102, 'Obst-Hof Altes Land', 'Westerjork 74', '76', '21635', 'Jork', '04162-4523', 'info@biohof-altesland.de');

INSERT INTO LIEFERANT (LIEFERANTENNR, LIEFERANTENNAME, STRASSE, HAUSNR, PLZ, ORT, TELEFON, EMAIL) values (103, 'Molkerei Henning', 'Molkereiwegkundekunde', '13','19217', 'Dechow', '038873-8976', 'info@molkerei-henning.de');


/*  Zutat  */
INSERT INTO ZUTAT (ZUTATENNR, BEZEICHNUNG, EINHEIT, NETTOPREIS, BESTAND, LIEFERANT, KALORIEN, KOHLENHYDRATE, PROTEIN) VALUES (501,'Zucchini','Stück', 0.89, 10, 101,19,2,1.6);

INSERT INTO ZUTAT (ZUTATENNR, BEZEICHNUNG, EINHEIT, NETTOPREIS, BESTAND, LIEFERANT, KALORIEN, KOHLENHYDRATE, PROTEIN) VALUES (502,'Zwiebel','Stück', 0.15, 50, 101, 28, 4.9, 1.20);

INSERT INTO ZUTAT (ZUTATENNR, BEZEICHNUNG, EINHEIT, NETTOPREIS, BESTAND, LIEFERANT, KALORIEN, KOHLENHYDRATE, PROTEIN) VALUES (503, 'Tomate', 'Stück', 0.45, 50, 101, 18, 2.6, 1);

INSERT INTO ZUTAT (ZUTATENNR, BEZEICHNUNG, EINHEIT, NETTOPREIS, BESTAND, LIEFERANT, KALORIEN, KOHLENHYDRATE, PROTEIN) VALUES (504, 'Schalotte', 'Stück', 0.20, 500, 101, 25, 3.3, 1.5);

INSERT INTO ZUTAT (ZUTATENNR, BEZEICHNUNG, EINHEIT, NETTOPREIS, BESTAND, LIEFERANT, KALORIEN, KOHLENHYDRATE, PROTEIN) VALUES (505, 'Karotte', 'Stück', 0.30, 500, 101, 41, 10, 0.9);

INSERT INTO ZUTAT (ZUTATENNR, BEZEICHNUNG, EINHEIT, NETTOPREIS, BESTAND, LIEFERANT, KALORIEN, KOHLENHYDRATE, PROTEIN) VALUES (506, 'Kartoffel', 'Stück', 0.15, 1500, 101, 71, 14.6, 2);

INSERT INTO ZUTAT (ZUTATENNR, BEZEICHNUNG, EINHEIT, NETTOPREIS, BESTAND, LIEFERANT, KALORIEN, KOHLENHYDRATE, PROTEIN) VALUES (507, 'Rucola', 'Bund', 0.90, 10, 101, 27, 2.1, 2.6);

INSERT INTO ZUTAT (ZUTATENNR, BEZEICHNUNG, EINHEIT, NETTOPREIS, BESTAND, LIEFERANT, KALORIEN, KOHLENHYDRATE, PROTEIN) VALUES (508, 'Lauch', 'Stück', 1.2, 35, 101, 29, 3.3, 2.1);

INSERT INTO ZUTAT (ZUTATENNR, BEZEICHNUNG, EINHEIT, NETTOPREIS, BESTAND, LIEFERANT, KALORIEN, KOHLENHYDRATE, PROTEIN) VALUES (509, 'Knoblauch', 'Stück', 0.25, 250, 101, 141, 28.4, 6.1);

INSERT INTO ZUTAT (ZUTATENNR, BEZEICHNUNG, EINHEIT, NETTOPREIS, BESTAND, LIEFERANT, KALORIEN, KOHLENHYDRATE, PROTEIN) VALUES (510, 'Basilikum', 'Bund', 1.3, 10, 101, 41, 5.1, 3.1);

INSERT INTO ZUTAT (ZUTATENNR, BEZEICHNUNG, EINHEIT, NETTOPREIS, BESTAND, LIEFERANT, KALORIEN, KOHLENHYDRATE, PROTEIN) VALUES (511, 'Süßkartoffel', 'Stück', 2.0, 200, 101, 86, 20, 1.6);

INSERT INTO ZUTAT (ZUTATENNR, BEZEICHNUNG, EINHEIT, NETTOPREIS, BESTAND, LIEFERANT, KALORIEN, KOHLENHYDRATE, PROTEIN) VALUES (512, 'Schnittlauch', 'Bund', 0.9, 100, 101, 28, 1, 3);

INSERT INTO ZUTAT (ZUTATENNR, BEZEICHNUNG, EINHEIT, NETTOPREIS, BESTAND, LIEFERANT, KALORIEN, KOHLENHYDRATE, PROTEIN) VALUES (513, 'Mehl', 'Packung', 3.5, 20, 101, 10, 709, 100);

INSERT INTO ZUTAT (ZUTATENNR, BEZEICHNUNG, EINHEIT, NETTOPREIS, BESTAND, LIEFERANT, KALORIEN, KOHLENHYDRATE, PROTEIN) VALUES (514, 'Hefe', 'Packung', 3.5, 20, 101,  0.1, 0.9, 0);

INSERT INTO ZUTAT (ZUTATENNR, BEZEICHNUNG, EINHEIT, NETTOPREIS, BESTAND, LIEFERANT, KALORIEN, KOHLENHYDRATE, PROTEIN) VALUES (515, 'Passierte Tomaten', 'Packung', 3.5, 20, 101, 1,  19 , 9);

INSERT INTO ZUTAT (ZUTATENNR, BEZEICHNUNG, EINHEIT, NETTOPREIS, BESTAND, LIEFERANT, KALORIEN, KOHLENHYDRATE, PROTEIN) VALUES (516, 'Apfel', 'Stück', 1.2, 750, 102, 54, 14.4, 0.3);

INSERT INTO ZUTAT (ZUTATENNR, BEZEICHNUNG, EINHEIT, NETTOPREIS, BESTAND, LIEFERANT, KALORIEN, KOHLENHYDRATE, PROTEIN) VALUES (517, 'Vollmilch. 3.5%', 'Liter', 1.5, 50, 103, 65, 4.7, 3.4);

INSERT INTO ZUTAT (ZUTATENNR, BEZEICHNUNG, EINHEIT, NETTOPREIS, BESTAND, LIEFERANT, KALORIEN, KOHLENHYDRATE, PROTEIN) VALUES (518, 'Mozzarella', 'Packung', 3.5, 20, 103, 241, 1, 18.1);

INSERT INTO ZUTAT (ZUTATENNR, BEZEICHNUNG, EINHEIT, NETTOPREIS, BESTAND, LIEFERANT, KALORIEN, KOHLENHYDRATE, PROTEIN) VALUES (519, 'Parmesan', 'Packung', 3.5, 20, 103, 374, 4.1, 35.8);

INSERT INTO ZUTAT (ZUTATENNR, BEZEICHNUNG, EINHEIT, NETTOPREIS, BESTAND, LIEFERANT, KALORIEN, KOHLENHYDRATE, PROTEIN) VALUES (520, 'Butter', 'Stück', 3.0, 50, 103, 741, 0.6, 0.7);

INSERT INTO ZUTAT (ZUTATENNR, BEZEICHNUNG, EINHEIT, NETTOPREIS, BESTAND, LIEFERANT, KALORIEN, KOHLENHYDRATE, PROTEIN) VALUES (521, 'Ei', 'Stück', 0.4, 300, 102, 137, 1.5, 11.9);

INSERT INTO ZUTAT (ZUTATENNR, BEZEICHNUNG, EINHEIT, NETTOPREIS, BESTAND, LIEFERANT, KALORIEN, KOHLENHYDRATE, PROTEIN) VALUES (522, 'Wiener Würstchen', 'Paar', 1.8, 40, 101, 331, 1.2, 9.9);

INSERT INTO ZUTAT (ZUTATENNR, BEZEICHNUNG, EINHEIT, NETTOPREIS, BESTAND, LIEFERANT, KALORIEN, KOHLENHYDRATE, PROTEIN) VALUES (523, 'Tofu-Würstchen', 'Stück', 1.8, 20, 103, 252, 7, 17);

INSERT INTO ZUTAT (ZUTATENNR, BEZEICHNUNG, EINHEIT, NETTOPREIS, BESTAND, LIEFERANT, KALORIEN, KOHLENHYDRATE, PROTEIN) VALUES (524, 'Couscous', 'Packung', 1.9, 15, 102, 351, 67, 12);

INSERT INTO ZUTAT (ZUTATENNR, BEZEICHNUNG, EINHEIT, NETTOPREIS, BESTAND, LIEFERANT, KALORIEN, KOHLENHYDRATE, PROTEIN) VALUES (525, 'Gemüsebrühe', 'Würfel', 0.2, 4000, 101, 1, 0.5, 0.5);

INSERT INTO ZUTAT (ZUTATENNR, BEZEICHNUNG, EINHEIT, NETTOPREIS, BESTAND, LIEFERANT, KALORIEN, KOHLENHYDRATE, PROTEIN) VALUES (526, 'Kichererbsen', 'Dose', 1.0, 400, 103, 150, 21.2, 9);

INSERT INTO ZUTAT (ZUTATENNR, BEZEICHNUNG, EINHEIT, NETTOPREIS, BESTAND, LIEFERANT, KALORIEN, KOHLENHYDRATE, PROTEIN) VALUES (527, 'Sellerie', 'Stück', 1.0, 400, 103, 150, 21.2, 9);

INSERT INTO ZUTAT (ZUTATENNR, BEZEICHNUNG, EINHEIT, NETTOPREIS, BESTAND, LIEFERANT, KALORIEN, KOHLENHYDRATE, PROTEIN) VALUES (528, 'Paprikashoten', 'Stück', 0.2, 4000, 101, 1, 0.5, 0.5);

INSERT INTO ZUTAT (ZUTATENNR, BEZEICHNUNG, EINHEIT, NETTOPREIS, BESTAND, LIEFERANT, KALORIEN, KOHLENHYDRATE, PROTEIN) VALUES (529, 'Avocados', 'Stück', 1.0, 400, 103, 150, 21.2, 9);

INSERT INTO ZUTAT (ZUTATENNR, BEZEICHNUNG, EINHEIT, NETTOPREIS, BESTAND, LIEFERANT, KALORIEN, KOHLENHYDRATE, PROTEIN) VALUES (530, 'Kürbiskerne', 'Packung', 0.2, 4000, 101, 1, 0.5, 0.5);

INSERT INTO ZUTAT (ZUTATENNR, BEZEICHNUNG, EINHEIT, NETTOPREIS, BESTAND, LIEFERANT, KALORIEN, KOHLENHYDRATE, PROTEIN) VALUES (531, 'Lauchzwiebeln', 'Stück', 0.2, 4000, 101, 1, 0.5, 0.5);

INSERT INTO ZUTAT (ZUTATENNR, BEZEICHNUNG, EINHEIT, NETTOPREIS, BESTAND, LIEFERANT, KALORIEN, KOHLENHYDRATE, PROTEIN) VALUES (532, 'Reis', 'Packung', 3.5, 20, 101, 10, 709, 100);

INSERT INTO ZUTAT (ZUTATENNR, BEZEICHNUNG, EINHEIT, NETTOPREIS, BESTAND, LIEFERANT, KALORIEN, KOHLENHYDRATE, PROTEIN) VALUES (533, 'Zitronen', 'Stück', 3.5, 20, 101, 10, 709, 100);

INSERT INTO ZUTAT (ZUTATENNR, BEZEICHNUNG, EINHEIT, NETTOPREIS, BESTAND, LIEFERANT, KALORIEN, KOHLENHYDRATE, PROTEIN) VALUES (534, 'Orangen', 'Stück', 0.2, 4000, 101, 1, 0.5, 0.5);

INSERT INTO ZUTAT (ZUTATENNR, BEZEICHNUNG, EINHEIT, NETTOPREIS, BESTAND, LIEFERANT, KALORIEN, KOHLENHYDRATE, PROTEIN) VALUES (535, 'Himbeeren', 'Packung', 0.2, 4000, 101, 1, 0.5, 0.5);

INSERT INTO ZUTAT (ZUTATENNR, BEZEICHNUNG, EINHEIT, NETTOPREIS, BESTAND, LIEFERANT, KALORIEN, KOHLENHYDRATE, PROTEIN) VALUES (536, 'Joghurt', 'Packung', 0.2, 4000, 101, 1, 0.5, 0.5);

INSERT INTO ZUTAT (ZUTATENNR, BEZEICHNUNG, EINHEIT, NETTOPREIS, BESTAND, LIEFERANT, KALORIEN, KOHLENHYDRATE, PROTEIN) VALUES (537, 'Pak Choi', 'Packung', 0.2, 4000, 101, 1, 0.5, 0.5);

INSERT INTO ZUTAT (ZUTATENNR, BEZEICHNUNG, EINHEIT, NETTOPREIS, BESTAND, LIEFERANT, KALORIEN, KOHLENHYDRATE, PROTEIN) VALUES (538, 'Championgs', 'Packung', 0.2, 4000, 101, 1, 0.5, 0.5);


/*  Rezept  */
INSERT INTO REZEPT(REZEPTNR, BEZEICHNUNG, NETTOPREIS, KALORIEN, KOHLENHYDRATE, PROTEIN,FETT, BALLASTSTOFFE, NATRIUM) VALUES (3001, 'Pizza', 2, 500, 200, 10, 10, 10, 2);

INSERT INTO REZEPT(REZEPTNR, BEZEICHNUNG, NETTOPREIS, KALORIEN, KOHLENHYDRATE, PROTEIN,FETT, BALLASTSTOFFE, NATRIUM) VALUES (3002, 'Zucchininudeln', 2, 500, 300, 10, 1, 10, 1);

INSERT INTO REZEPT(REZEPTNR, BEZEICHNUNG, NETTOPREIS, KALORIEN, KOHLENHYDRATE, PROTEIN,FETT, BALLASTSTOFFE, NATRIUM) VALUES (3003, 'Bratreis mit Championgs', 2, 400, 200, 5, 2, 10, 5);

INSERT INTO REZEPT(REZEPTNR, BEZEICHNUNG, NETTOPREIS, KALORIEN, KOHLENHYDRATE, PROTEIN,FETT, BALLASTSTOFFE, NATRIUM) VALUES (3004, 'Würstchen mit Süßkartoffelpommes', 2, 300, 200, 3, 4, 2, 1);


/*  Kunde  */
INSERT INTO KUNDE (KUNDENNR, NACHNAME, VORNAME, GEBURTSDATUM, STRASSE, HAUSNR, PLZ, ORT, TELEFON, EMAIL) VALUES (5001, 'Wellensteyn','Kira','1990-05-05','Eppendorfer Landstrasse', '104', '20249','Hamburg','040/443322','k.wellensteyn@yahoo.de');

INSERT INTO KUNDE (KUNDENNR, NACHNAME, VORNAME, GEBURTSDATUM, STRASSE, HAUSNR, PLZ, ORT, TELEFON, EMAIL) VALUES (5002, 'Foede','Dorothea','2000-03-24','Ohmstraße', '23', '22765','Hamburg','040/543822','d.foede@web.de');

INSERT INTO KUNDE (KUNDENNR, NACHNAME, VORNAME, GEBURTSDATUM, STRASSE, HAUSNR, PLZ, ORT, TELEFON, EMAIL) VALUES (5003, 'Leberer','Sigrid','1989-09-21','Bilser Berg', '6', '20459','Hamburg','0175/1234588','sigrid@leberer.de');

INSERT INTO KUNDE (KUNDENNR, NACHNAME, VORNAME, GEBURTSDATUM, STRASSE, HAUSNR, PLZ, ORT, TELEFON, EMAIL) VALUES (5004, 'Soerensen','Hanna','1974-04-03','Alter Teichweg', '95', '22049','Hamburg','040/634578','h.soerensen@yahoo.de');

INSERT INTO KUNDE (KUNDENNR, NACHNAME, VORNAME, GEBURTSDATUM, STRASSE, HAUSNR, PLZ, ORT, TELEFON, EMAIL) VALUES (5005, 'Schnitter','Marten','1964-04-17','Stübels', '10', '22835','Barsbüttel','0176/447587','schni_mart@gmail.com');

INSERT INTO KUNDE (KUNDENNR, NACHNAME, VORNAME, GEBURTSDATUM, STRASSE, HAUSNR, PLZ, ORT, TELEFON, EMAIL) VALUES (5006, 'Maurer','Belinda','1978-09-09','Grotelertwiete', '4a', '21075','Hamburg','040/332189','belinda1978@yahoo.de');

INSERT INTO KUNDE (KUNDENNR, NACHNAME, VORNAME, GEBURTSDATUM, STRASSE, HAUSNR, PLZ, ORT, TELEFON, EMAIL) VALUES (5007, 'Gessert','Armin','1978-01-29','Küstersweg', '3', '21079','Hamburg','040/67890','armin@gessert.de');

INSERT INTO KUNDE (KUNDENNR, NACHNAME, VORNAME, GEBURTSDATUM, STRASSE, HAUSNR, PLZ, ORT, TELEFON, EMAIL) VALUES (5008, 'Haessig','Jean-Marc','1982-08-30','Neugrabener Bahnhofstraße', '30', '21149','Hamburg','0178-67013390','jm@haessig.de');

INSERT INTO KUNDE (KUNDENNR, NACHNAME, VORNAME, GEBURTSDATUM, STRASSE, HAUSNR, PLZ, ORT, TELEFON, EMAIL) VALUES (5009, 'Urocki','Eric','1999-12-04','Elbchaussee', '228', '22605','Hamburg','0152-96701390','urocki@outlook.de');


/*  Bestellung  */
INSERT INTO BESTELLUNG (KUNDENNR, BESTELLDATUM, RECHNUNGSBETRAG) VALUES (5001,'2020-07-01', 6.21);

INSERT INTO BESTELLUNG (KUNDENNR, BESTELLDATUM, RECHNUNGSBETRAG) VALUES (5002,'2020-07-08', 32.96);

INSERT INTO BESTELLUNG (KUNDENNR, BESTELLDATUM, RECHNUNGSBETRAG) VALUES (5003,'2020-08-01',24.08);

INSERT INTO BESTELLUNG (KUNDENNR, BESTELLDATUM, RECHNUNGSBETRAG) VALUES (5004,'2020-08-02', 19.90);

INSERT INTO BESTELLUNG (KUNDENNR, BESTELLDATUM, RECHNUNGSBETRAG) VALUES (5005,'2020-08-02', 6.47);

INSERT INTO BESTELLUNG (KUNDENNR, BESTELLDATUM, RECHNUNGSBETRAG) VALUES (5006,'2020-08-10', 6.96);

INSERT INTO BESTELLUNG (KUNDENNR, BESTELLDATUM, RECHNUNGSBETRAG) VALUES (5007,'2020-08-10', 2.41);

INSERT INTO BESTELLUNG (KUNDENNR, BESTELLDATUM, RECHNUNGSBETRAG) VALUES (5008,'2020-08-10', 13.80);

INSERT INTO BESTELLUNG (KUNDENNR, BESTELLDATUM, RECHNUNGSBETRAG) VALUES (5009,'2020-08-10', 8.67);

INSERT INTO BESTELLUNG (KUNDENNR, BESTELLDATUM, RECHNUNGSBETRAG) VALUES (5001,'2020-08-15', 17.98);

INSERT INTO BESTELLUNG (KUNDENNR, BESTELLDATUM, RECHNUNGSBETRAG) VALUES (5002,'2020-08-12', 8.67);

INSERT INTO BESTELLUNG (KUNDENNR, BESTELLDATUM, RECHNUNGSBETRAG) VALUES (5003,'2020-08-13', 20.87);

INSERT INTO BESTELLUNG (KUNDENNR, BESTELLDATUM, RECHNUNGSBETRAG) VALUES (5006,'2020-09-28', 20.87);


/* ***************************************************************************************************************** */
/*                                                   Beziehungstabellen                                              */
/* ***************************************************************************************************************** */

/*  Bestellungzutat  */
INSERT INTO BESTELLUNGZUTAT(BESTELLNR, ZUTATENNR, MENGE) VALUES (9001, 501, 5);

INSERT INTO BESTELLUNGZUTAT(BESTELLNR, ZUTATENNR, MENGE) VALUES (9001, 502, 3);

INSERT INTO BESTELLUNGZUTAT(BESTELLNR, ZUTATENNR, MENGE) VALUES (9001, 506, 2);

INSERT INTO BESTELLUNGZUTAT(BESTELLNR, ZUTATENNR, MENGE) VALUES (9001, 504, 3);

INSERT INTO BESTELLUNGZUTAT(BESTELLNR, ZUTATENNR, MENGE) VALUES (9002, 501, 10);

INSERT INTO BESTELLUNGZUTAT(BESTELLNR, ZUTATENNR, MENGE) VALUES (9002, 505, 5);

INSERT INTO BESTELLUNGZUTAT(BESTELLNR, ZUTATENNR, MENGE) VALUES (9002, 503, 4);

INSERT INTO BESTELLUNGZUTAT(BESTELLNR, ZUTATENNR, MENGE) VALUES (9002, 508, 5);

INSERT INTO BESTELLUNGZUTAT(BESTELLNR, ZUTATENNR, MENGE) VALUES (9003, 502, 15);

INSERT INTO BESTELLUNGZUTAT(BESTELLNR, ZUTATENNR, MENGE) VALUES (9003, 501, 5);

INSERT INTO BESTELLUNGZUTAT(BESTELLNR, ZUTATENNR, MENGE) VALUES (9004, 501, 7);

INSERT INTO BESTELLUNGZUTAT(BESTELLNR, ZUTATENNR, MENGE) VALUES (9004, 503, 2);

INSERT INTO BESTELLUNGZUTAT(BESTELLNR, ZUTATENNR, MENGE) VALUES (9005, 502, 4);

INSERT INTO BESTELLUNGZUTAT(BESTELLNR, ZUTATENNR, MENGE) VALUES (9005, 504, 5);

INSERT INTO BESTELLUNGZUTAT(BESTELLNR, ZUTATENNR, MENGE) VALUES (9005, 501, 5);

INSERT INTO BESTELLUNGZUTAT(BESTELLNR, ZUTATENNR, MENGE) VALUES (9007, 509, 9);

INSERT INTO BESTELLUNGZUTAT(BESTELLNR, ZUTATENNR, MENGE) VALUES (9008, 510, 5);

INSERT INTO BESTELLUNGZUTAT(BESTELLNR, ZUTATENNR, MENGE) VALUES (9008, 512, 5);

INSERT INTO BESTELLUNGZUTAT(BESTELLNR, ZUTATENNR, MENGE) VALUES (9008, 508, 7);

INSERT INTO BESTELLUNGZUTAT(BESTELLNR, ZUTATENNR, MENGE) VALUES (9009, 507, 4);

INSERT INTO BESTELLUNGZUTAT(BESTELLNR, ZUTATENNR, MENGE) VALUES (9009, 512, 5);

INSERT INTO BESTELLUNGZUTAT(BESTELLNR, ZUTATENNR, MENGE) VALUES (9001, 511, 7);

INSERT INTO BESTELLUNGZUTAT(BESTELLNR, ZUTATENNR, MENGE) VALUES (9002, 507, 7);

INSERT INTO BESTELLUNGZUTAT(BESTELLNR, ZUTATENNR, MENGE) VALUES (9003, 508, 2);

INSERT INTO BESTELLUNGZUTAT(BESTELLNR, ZUTATENNR, MENGE) VALUES (9004, 512, 5);

INSERT INTO BESTELLUNGZUTAT(BESTELLNR, ZUTATENNR, MENGE) VALUES (9005, 510, 15);


/* Allergienrezept */
INSERT INTO ALLERGIENZUTAT(ALLERGIEID, ZUTATENNR) VALUES (32, 521);

INSERT INTO ALLERGIENZUTAT(ALLERGIEID, ZUTATENNR) VALUES (33, 517);

INSERT INTO ALLERGIENZUTAT(ALLERGIEID, ZUTATENNR) VALUES (34, 513);

INSERT INTO ALLERGIENZUTAT(ALLERGIEID, ZUTATENNR) VALUES (37, 527);

INSERT INTO ALLERGIENZUTAT(ALLERGIEID, ZUTATENNR) VALUES (38, 505);


/* Unvertraeglichkeitrezept */
INSERT INTO UNVERTRAEGLICHKEITZUTAT(UNVERTRAEGLICHKEITID, ZUTATENNR) VALUES (71, 518);

INSERT INTO UNVERTRAEGLICHKEITZUTAT(UNVERTRAEGLICHKEITID, ZUTATENNR) VALUES (71, 519);


/* Bestellungrezept */
INSERT INTO BESTELLUNGREZEPT(BESTELLNR, REZEPTNR, MENGE) VALUES (9010, 3001, 1);


/* Ernaehrungskategorierezept*/
INSERT INTO ERNAEHRUNGSKATEGORIEREZEPT(ERNAEHRUNGSKATEGORIEID, REZEPTNR) VALUES (1, 3001);

INSERT INTO ERNAEHRUNGSKATEGORIEREZEPT(ERNAEHRUNGSKATEGORIEID, REZEPTNR) VALUES (1, 3002);

INSERT INTO ERNAEHRUNGSKATEGORIEREZEPT(ERNAEHRUNGSKATEGORIEID, REZEPTNR) VALUES (2, 3002);

INSERT INTO ERNAEHRUNGSKATEGORIEREZEPT(ERNAEHRUNGSKATEGORIEID, REZEPTNR) VALUES (3, 3002);

INSERT INTO ERNAEHRUNGSKATEGORIEREZEPT(ERNAEHRUNGSKATEGORIEID, REZEPTNR) VALUES (4, 3002);

INSERT INTO ERNAEHRUNGSKATEGORIEREZEPT(ERNAEHRUNGSKATEGORIEID, REZEPTNR) VALUES (1, 3003);

INSERT INTO ERNAEHRUNGSKATEGORIEREZEPT(ERNAEHRUNGSKATEGORIEID, REZEPTNR) VALUES (3, 3003);

INSERT INTO ERNAEHRUNGSKATEGORIEREZEPT(ERNAEHRUNGSKATEGORIEID, REZEPTNR) VALUES (4, 3003);

INSERT INTO ERNAEHRUNGSKATEGORIEREZEPT(ERNAEHRUNGSKATEGORIEID, REZEPTNR) VALUES (3, 3004);

INSERT INTO ERNAEHRUNGSKATEGORIEREZEPT(ERNAEHRUNGSKATEGORIEID, REZEPTNR) VALUES (4, 3004);


/*  Rezeptzutat  */
/*Pizza*/
INSERT INTO REZEPTZUTAT(REZEPTNR, ZUTATENNR, MENGE) VALUES (3001, 513, 1);

INSERT INTO REZEPTZUTAT(REZEPTNR, ZUTATENNR, MENGE) VALUES (3001, 514, 1);

INSERT INTO REZEPTZUTAT(REZEPTNR, ZUTATENNR, MENGE) VALUES (3001, 515, 1);

INSERT INTO REZEPTZUTAT(REZEPTNR, ZUTATENNR, MENGE) VALUES (3001, 518, 1);

INSERT INTO REZEPTZUTAT(REZEPTNR, ZUTATENNR, MENGE) VALUES (3001, 519, 1);

/*Zucchininudeln*/
INSERT INTO REZEPTZUTAT(REZEPTNR, ZUTATENNR, MENGE) VALUES(3002, 501 ,1 );

INSERT INTO REZEPTZUTAT(REZEPTNR, ZUTATENNR, MENGE) VALUES(3002, 510 ,1 );

/*Bratreis mit Championgs*/
INSERT INTO REZEPTZUTAT(REZEPTNR, ZUTATENNR, MENGE) VALUES(3003, 533 ,1 );

INSERT INTO REZEPTZUTAT(REZEPTNR, ZUTATENNR, MENGE) VALUES(3003, 537 ,1 );

INSERT INTO REZEPTZUTAT(REZEPTNR, ZUTATENNR, MENGE) VALUES(3003, 538 ,1 );

INSERT INTO REZEPTZUTAT(REZEPTNR, ZUTATENNR, MENGE) VALUES(3003, 509 ,1 );

INSERT INTO REZEPTZUTAT(REZEPTNR, ZUTATENNR, MENGE) VALUES(3003, 521 ,2 );

/*Würstchen mit Süßkartoffelpommes*/
INSERT INTO REZEPTZUTAT(REZEPTNR, ZUTATENNR, MENGE) VALUES(3004, 511 ,4 );

INSERT INTO REZEPTZUTAT(REZEPTNR, ZUTATENNR, MENGE) VALUES(3004, 522 ,4 );

COMMIT WORK;
